{
  "temperature": {
    "method": "quantile",
    "bins": [
      193.32419292101005,
      309.9291392763363,
      338.8109167358809,
      362.2652076530171,
      393.33406796248477,
      560.1323419646054
    ],
    "bin_counts": [
      200,
      200,
      200,
      200,
      200
    ]
  },
  "pressure": {
    "method": "quantile",
    "bins": [
      2.201980133146683,
      11.816833638366042,
      14.131824432800371,
      15.94001373818996,
      17.99544416941345,
      28.781976769726104
    ],
    "bin_counts": [
      200,
      200,
      200,
      200,
      200
    ]
  },
  "flow_rate": {
    "method": "quantile",
    "bins": [
      -1.1846103967358992,
      0.43705632421367346,
      1.0676791635067238,
      1.893944840058906,
      3.315238319196299,
      14.74578284195802
    ],
    "bin_counts": [
      200,
      200,
      200,
      200,
      200
    ]
  }
}