{
  "temperature": {
    "method": "equal_width",
    "bins": [
      193.32419292101005,
      266.6858227297291,
      340.04745253844817,
      413.40908234716727,
      486.7707121558864,
      560.1323419646054
    ],
    "bin_counts": [
      40,
      373,
      480,
      104,
      3
    ]
  },
  "pressure": {
    "method": "equal_width",
    "bins": [
      2.201980133146683,
      7.517979460462567,
      12.833978787778452,
      18.149978115094335,
      23.46597744241022,
      28.781976769726104
    ],
    "bin_counts": [
      19,
      252,
      540,
      180,
      9
    ]
  },
  "flow_rate": {
    "method": "equal_width",
    "bins": [
      -1.1846103967358992,
      2.0014682510028843,
      5.187546898741668,
      8.373625546480453,
      11.559704194219236,
      14.74578284195802
    ],
    "bin_counts": [
      626,
      289,
      70,
      12,
      3
    ]
  }
}