{
  "temperature": {
    "method": "entropy",
    "bins": [
      193.32419292101005,
      309.94452772081587,
      338.82717160959413,
      362.3407879683481,
      393.40222348175575,
      560.1323419646054
    ],
    "bin_counts": [
      201,
      200,
      200,
      200,
      199
    ]
  },
  "pressure": {
    "method": "entropy",
    "bins": [
      2.201980133146683,
      11.81861999985614,
      14.132352651587745,
      15.945642399778624,
      18.000430494964746,
      28.781976769726104
    ],
    "bin_counts": [
      201,
      200,
      200,
      200,
      199
    ]
  },
  "flow_rate": {
    "method": "entropy",
    "bins": [
      -1.1846103967358992,
      0.43727317059484344,
      1.0685700198761279,
      1.897236765266108,
      3.3254744511924574,
      14.74578284195802
    ],
    "bin_counts": [
      201,
      200,
      200,
      200,
      199
    ]
  }
}