{
  "temperature": {
    "method": "kmeans",
    "bins": [
      193.32419292101005,
      297.1670208407112,
      340.02453469733507,
      378.8971689834177,
      423.13334881966534,
      560.1323419646054
    ],
    "bin_counts": [
      133,
      280,
      310,
      199,
      78
    ]
  },
  "pressure": {
    "method": "kmeans",
    "bins": [
      2.201980133146683,
      10.669443323735688,
      13.687314217787893,
      16.41501462147638,
      19.509277626108442,
      28.781976769726104
    ],
    "bin_counts": [
      132,
      216,
      301,
      250,
      101
    ]
  },
  "flow_rate": {
    "method": "kmeans",
    "bins": [
      -1.1846103967358992,
      1.05538739286084,
      2.6996278757509744,
      4.940857723404493,
      8.040321042045484,
      14.74578284195802
    ],
    "bin_counts": [
      394,
      348,
      163,
      76,
      19
    ]
  }
}