{
  "model_id": "xgboost_PSI80_mill8",
  "best_value": 55.35116958618164,
  "best_params": {
    "Ore": 171.11891684467253,
    "WaterMill": 16.931294446195945,
    "WaterZumpf": 245.125702131961,
    "PressureHC": 0.3461049427352746,
    "DensityHC": 1643.6956600389824,
    "MotorAmp": 200.7413389181935,
    "Shisti": 0.097870033198792,
    "Daiki": 0.16045641535623645
  },
  "n_trials": 150
}